visit_id,patient_id,admission_ts,discharge_ts,department,diagnosis,admission_type
VST-00001,PT001,2026-03-24T08:15:00,2026-03-25T09:30:00,Cardiology,Hypertension,Emergency
VST-00002,PT002,2026-03-24T10:20:00,2026-03-24T18:10:00,General Medicine,Infection,Elective
VST-00003,PT003,2026-03-25T07:50:00,2026-03-27T12:30:00,Neurology,Migraine,Referral
VST-00004,PT004,2026-03-25T12:05:00,2026-03-26T11:20:00,Orthopedics,Fracture,Emergency
VST-00005,PT005,2026-03-25T15:40:00,2026-03-28T09:10:00,Cardiology,Hypertension,Referral
VST-00006,PT006,2026-03-26T09:25:00,2026-03-27T08:30:00,Pediatrics,Infection,Elective
VST-00007,PT007,2026-03-26T14:10:00,2026-03-27T16:45:00,General Medicine,Diabetes,Emergency
VST-00008,PT008,2026-03-27T08:35:00,2026-03-27T20:15:00,Orthopedics,Fracture,Elective
VST-00009,PT009,2026-03-27T11:00:00,2026-03-28T10:10:00,Neurology,Migraine,Emergency
VST-00010,PT010,2026-03-28T06:45:00,2026-03-28T19:30:00,Cardiology,Hypertension,Elective
VST-00011,PT003,2026-03-28T09:30:00,2026-03-29T09:00:00,General Medicine,Diabetes,Referral
VST-00012,PT006,2026-03-28T13:10:00,2026-03-29T13:40:00,Pediatrics,Infection,Emergency
VST-00013,PT008,2026-03-29T18:10:28,2026-03-31T08:10:28,General Medicine,Hypertension,Emergency
VST-00014,PT001,2026-03-29T21:10:28,2026-03-31T11:10:28,Pediatrics,Migraine,Emergency
VST-00015,PT007,2026-03-29T19:10:28,2026-03-30T08:10:28,Neurology,Hypertension,Referral
VST-00016,PT002,2026-03-29T17:10:38,2026-04-02T08:10:38,Pediatrics,Fracture,Referral
VST-00017,PT010,2026-03-29T21:10:38,2026-03-30T21:10:38,Neurology,Fracture,Emergency
VST-00018,PT004,2026-03-29T21:10:38,2026-03-30T16:10:38,General Medicine,Hypertension,Elective
VST-00019,PT005,2026-03-29T21:10:48,2026-03-31T22:10:48,General Medicine,Migraine,Referral
VST-00020,PT003,2026-03-29T17:10:48,2026-03-30T21:10:48,Pediatrics,Migraine,Emergency
VST-00021,PT006,2026-03-29T20:10:48,2026-04-01T06:10:48,Cardiology,Infection,Referral
VST-00022,PT003,2026-03-29T22:10:59,2026-04-01T14:10:59,Pediatrics,Fracture,Emergency
VST-00023,PT003,2026-03-29T17:10:59,2026-03-30T17:10:59,Neurology,Migraine,Referral
VST-00024,PT007,2026-03-29T19:10:59,2026-04-02T05:10:59,Pediatrics,Hypertension,Emergency
VST-00025,PT010,2026-03-29T20:11:09,2026-03-30T19:11:09,Neurology,Infection,Elective
VST-00026,PT008,2026-03-29T17:11:09,2026-03-29T22:11:09,Cardiology,Infection,Referral
VST-00027,PT005,2026-03-29T22:11:09,2026-03-30T22:11:09,Cardiology,Diabetes,Referral
VST-00028,PT006,2026-03-29T17:11:19,2026-03-30T10:11:19,Pediatrics,Diabetes,Emergency
VST-00029,PT006,2026-03-29T19:11:19,2026-03-30T23:11:19,General Medicine,Migraine,Referral
VST-00030,PT009,2026-03-29T22:11:19,2026-04-01T13:11:19,Orthopedics,Diabetes,Referral
VST-00031,PT008,2026-03-29T22:11:29,2026-04-01T02:11:29,Pediatrics,Diabetes,Emergency
VST-00032,PT009,2026-03-29T20:11:29,2026-03-30T11:11:29,Pediatrics,Migraine,Emergency
VST-00033,PT001,2026-03-29T18:11:29,2026-03-30T06:11:29,Neurology,Infection,Elective
VST-00034,PT001,2026-03-29T18:13:21,2026-04-02T11:13:21,Orthopedics,Fracture,Referral
VST-00035,PT006,2026-03-29T22:13:21,2026-03-31T02:13:21,Orthopedics,Fracture,Referral
VST-00036,PT008,2026-03-29T19:13:21,2026-03-31T18:13:21,General Medicine,Migraine,Elective
VST-00037,PT001,2026-03-29T20:13:31,2026-04-01T06:13:31,Neurology,Diabetes,Referral
VST-00038,PT007,2026-03-29T17:13:31,2026-03-30T15:13:31,Pediatrics,Infection,Referral
VST-00039,PT010,2026-03-29T18:13:31,2026-03-31T19:13:31,Cardiology,Infection,Emergency
VST-00040,PT007,2026-03-29T22:13:42,2026-04-01T13:13:42,General Medicine,Fracture,Emergency
VST-00041,PT001,2026-03-29T20:13:42,2026-04-01T07:13:42,Neurology,Migraine,Emergency
VST-00042,PT007,2026-03-29T22:13:42,2026-04-01T06:13:42,Neurology,Diabetes,Referral
VST-00043,PT009,2026-03-29T21:15:33,2026-03-31T05:15:33,Neurology,Infection,Elective
VST-00044,PT004,2026-03-29T18:15:33,2026-04-01T13:15:33,General Medicine,Migraine,Elective
VST-00045,PT005,2026-03-29T22:15:33,2026-03-30T17:15:33,Neurology,Diabetes,Referral
VST-00046,PT007,2026-03-29T20:15:43,2026-03-31T13:15:43,General Medicine,Hypertension,Referral
VST-00047,PT003,2026-03-29T17:15:43,2026-03-31T08:15:43,Orthopedics,Diabetes,Emergency
VST-00048,PT009,2026-03-29T17:15:43,2026-03-30T19:15:43,Orthopedics,Hypertension,Referral
VST-00049,PT007,2026-03-29T22:15:53,2026-03-30T18:15:53,Neurology,Fracture,Emergency
VST-00050,PT007,2026-03-29T21:15:53,2026-03-30T04:15:53,General Medicine,Hypertension,Emergency
VST-00051,PT006,2026-03-29T21:15:53,2026-04-01T09:15:53,Pediatrics,Fracture,Emergency
VST-00052,PT002,2026-03-29T19:16:03,2026-03-31T08:16:03,Neurology,Hypertension,Emergency
VST-00053,PT004,2026-03-29T22:16:03,2026-04-02T18:16:03,General Medicine,Fracture,Elective
VST-00054,PT006,2026-03-29T17:16:03,2026-03-30T03:16:03,Cardiology,Fracture,Elective
VST-00055,PT009,2026-03-29T17:16:13,2026-03-31T04:16:13,Neurology,Infection,Referral
VST-00056,PT008,2026-03-29T19:16:13,2026-03-30T09:16:13,General Medicine,Hypertension,Referral
VST-00057,PT010,2026-03-29T19:16:13,2026-04-01T19:16:13,Cardiology,Diabetes,Elective
VST-00058,PT005,2026-03-29T17:16:23,2026-04-01T18:16:23,Cardiology,Migraine,Elective
VST-00059,PT007,2026-03-29T18:16:23,2026-04-01T07:16:23,Pediatrics,Hypertension,Referral
VST-00060,PT008,2026-03-29T21:16:23,2026-03-31T16:16:23,Pediatrics,Migraine,Emergency
VST-00061,PT010,2026-03-29T22:16:33,2026-04-01T16:16:33,General Medicine,Fracture,Elective
VST-00062,PT008,2026-03-29T22:16:33,2026-04-01T03:16:33,Pediatrics,Fracture,Elective
VST-00063,PT009,2026-03-29T20:16:33,2026-04-01T13:16:33,Pediatrics,Diabetes,Elective
VST-00064,PT003,2026-03-29T22:16:43,2026-03-31T10:16:43,Pediatrics,Migraine,Elective
VST-00065,PT002,2026-03-29T18:16:43,2026-03-30T21:16:43,Pediatrics,Hypertension,Elective
VST-00066,PT004,2026-03-29T17:16:43,2026-04-02T01:16:43,Cardiology,Fracture,Emergency
VST-00067,PT001,2026-03-29T21:16:53,2026-04-01T08:16:53,Orthopedics,Hypertension,Emergency
VST-00068,PT007,2026-03-29T20:16:53,2026-04-02T08:16:53,Cardiology,Infection,Elective
VST-00069,PT005,2026-03-29T19:16:53,2026-04-02T14:16:53,Neurology,Fracture,Elective
VST-00070,PT004,2026-03-29T17:17:04,2026-03-30T22:17:04,Neurology,Diabetes,Emergency
VST-00071,PT005,2026-03-29T21:17:04,2026-04-02T18:17:04,Neurology,Hypertension,Emergency
VST-00072,PT010,2026-03-29T20:17:04,2026-04-01T02:17:04,Orthopedics,Diabetes,Elective
VST-00073,PT001,2026-03-29T19:17:14,2026-04-02T16:17:14,Cardiology,Infection,Emergency
VST-00074,PT004,2026-03-29T18:17:14,2026-04-02T02:17:14,Neurology,Migraine,Elective
VST-00075,PT004,2026-03-29T19:17:14,2026-03-31T21:17:14,Neurology,Migraine,Emergency
VST-00076,PT007,2026-03-29T22:17:24,2026-03-30T19:17:24,Pediatrics,Diabetes,Elective
VST-00077,PT007,2026-03-29T22:17:24,2026-03-30T11:17:24,Neurology,Infection,Elective
VST-00078,PT002,2026-03-29T17:17:24,2026-03-31T05:17:24,Cardiology,Infection,Emergency
VST-00079,PT007,2026-03-29T21:17:34,2026-03-30T13:17:34,Orthopedics,Fracture,Emergency
VST-00080,PT007,2026-03-29T21:17:34,2026-03-31T14:17:34,Orthopedics,Fracture,Emergency
VST-00081,PT002,2026-03-29T17:17:34,2026-03-29T21:17:34,Neurology,Hypertension,Referral
VST-00082,PT007,2026-03-29T19:17:44,2026-03-31T01:17:44,Orthopedics,Hypertension,Elective
VST-00083,PT003,2026-03-29T21:17:44,2026-04-02T05:17:44,General Medicine,Migraine,Referral
VST-00084,PT007,2026-03-29T17:17:44,2026-03-30T06:17:44,Pediatrics,Hypertension,Referral
VST-00085,PT007,2026-03-29T21:18:07,2026-03-31T20:18:07,Orthopedics,Migraine,Elective
VST-00086,PT009,2026-03-29T20:18:07,2026-03-30T18:18:07,Neurology,Fracture,Emergency
VST-00087,PT007,2026-03-29T18:18:07,2026-04-01T02:18:07,Orthopedics,Diabetes,Referral
VST-00088,PT002,2026-03-29T21:18:17,2026-04-02T00:18:17,Neurology,Hypertension,Emergency
VST-00089,PT007,2026-03-29T20:18:17,2026-04-01T04:18:17,Neurology,Diabetes,Emergency
VST-00090,PT002,2026-03-29T21:18:17,2026-03-31T02:18:17,Orthopedics,Migraine,Referral
VST-00091,PT010,2026-03-29T18:18:27,2026-04-02T01:18:27,Neurology,Migraine,Referral
VST-00092,PT010,2026-03-29T17:18:27,2026-04-01T06:18:27,General Medicine,Fracture,Elective
VST-00093,PT006,2026-03-29T18:18:27,2026-03-31T21:18:27,Orthopedics,Fracture,Emergency
VST-00094,PT005,2026-03-29T18:18:37,2026-03-30T20:18:37,Orthopedics,Infection,Emergency
VST-00095,PT009,2026-03-29T22:18:37,2026-03-31T23:18:37,Cardiology,Hypertension,Referral
VST-00096,PT005,2026-03-29T22:18:37,2026-04-01T11:18:37,Pediatrics,Migraine,Elective
VST-00097,PT006,2026-03-29T17:18:47,2026-03-30T05:18:47,Neurology,Infection,Referral
VST-00098,PT002,2026-03-29T21:18:47,2026-04-02T19:18:47,Pediatrics,Migraine,Referral
VST-00099,PT004,2026-03-29T22:18:47,2026-04-01T00:18:47,Pediatrics,Diabetes,Elective
VST-00100,PT009,2026-03-29T22:18:57,2026-04-02T00:18:57,Pediatrics,Migraine,Elective
VST-00101,PT003,2026-03-29T18:18:57,2026-04-02T04:18:57,Orthopedics,Migraine,Referral
VST-00102,PT001,2026-03-29T21:18:57,2026-04-02T10:18:57,Neurology,Migraine,Referral
VST-00103,PT009,2026-03-29T18:19:07,2026-03-31T05:19:07,Pediatrics,Fracture,Elective
VST-00104,PT004,2026-03-29T21:19:07,2026-03-31T19:19:07,Orthopedics,Diabetes,Referral
VST-00105,PT001,2026-03-29T18:19:07,2026-04-02T08:19:07,Orthopedics,Fracture,Referral
VST-00106,PT001,2026-03-29T20:19:17,2026-03-30T10:19:17,Cardiology,Diabetes,Emergency
VST-00107,PT007,2026-03-29T20:19:17,2026-03-30T03:19:17,Orthopedics,Infection,Emergency
VST-00108,PT004,2026-03-29T20:19:17,2026-03-30T19:19:17,Neurology,Infection,Referral
VST-00109,PT005,2026-03-29T19:19:27,2026-03-30T23:19:27,Cardiology,Migraine,Emergency
VST-00110,PT007,2026-03-29T21:19:27,2026-03-30T19:19:27,Cardiology,Infection,Referral
VST-00111,PT003,2026-03-29T19:19:27,2026-04-01T19:19:27,Pediatrics,Migraine,Referral
VST-00112,PT003,2026-03-29T17:19:37,2026-03-30T13:19:37,Orthopedics,Fracture,Elective
VST-00113,PT002,2026-03-29T18:19:37,2026-03-31T10:19:37,Cardiology,Hypertension,Emergency
VST-00114,PT001,2026-03-29T22:19:37,2026-03-31T15:19:37,Neurology,Infection,Emergency
VST-00115,PT006,2026-03-29T21:19:47,2026-04-01T17:19:47,Cardiology,Infection,Elective
VST-00116,PT004,2026-03-29T20:19:47,2026-03-30T15:19:47,General Medicine,Hypertension,Elective
VST-00117,PT003,2026-03-29T17:19:47,2026-03-30T13:19:47,Neurology,Infection,Elective
VST-00118,PT008,2026-03-29T19:19:58,2026-04-02T05:19:58,Pediatrics,Hypertension,Referral
VST-00119,PT007,2026-03-29T17:19:58,2026-03-30T22:19:58,Neurology,Migraine,Elective
VST-00120,PT007,2026-03-29T19:19:58,2026-04-01T17:19:58,General Medicine,Infection,Elective
VST-00121,PT004,2026-03-29T22:20:32,2026-04-01T09:20:32,Cardiology,Hypertension,Referral
VST-00122,PT006,2026-03-29T19:20:32,2026-03-31T08:20:32,Neurology,Hypertension,Referral
VST-00123,PT006,2026-03-29T20:20:32,2026-03-31T23:20:32,Cardiology,Infection,Referral
VST-00124,PT010,2026-03-29T22:20:42,2026-03-31T15:20:42,Pediatrics,Infection,Emergency
VST-00125,PT006,2026-03-29T20:20:42,2026-03-30T17:20:42,Pediatrics,Migraine,Referral
VST-00126,PT002,2026-03-29T18:20:42,2026-03-30T09:20:42,General Medicine,Infection,Emergency
VST-00127,PT010,2026-03-29T18:20:52,2026-03-31T16:20:52,Cardiology,Fracture,Elective
VST-00128,PT006,2026-03-29T19:20:52,2026-04-02T07:20:52,Orthopedics,Diabetes,Referral
VST-00129,PT002,2026-03-29T17:20:52,2026-03-30T00:20:52,General Medicine,Infection,Emergency
VST-00130,PT001,2026-03-29T21:21:03,2026-04-01T08:21:03,General Medicine,Fracture,Emergency
VST-00131,PT004,2026-03-29T21:21:03,2026-04-01T03:21:03,Neurology,Infection,Elective
VST-00132,PT001,2026-03-29T19:21:03,2026-03-30T13:21:03,Neurology,Migraine,Emergency
VST-00133,PT007,2026-03-29T18:35:02,2026-03-31T12:35:02,General Medicine,Fracture,Emergency
VST-00134,PT004,2026-03-29T19:35:02,2026-04-01T03:35:02,Cardiology,Migraine,Referral
VST-00135,PT004,2026-03-29T17:35:02,2026-03-29T22:35:02,Pediatrics,Diabetes,Referral
VST-00136,PT007,2026-03-29T18:35:12,2026-04-01T17:35:12,Cardiology,Diabetes,Elective
VST-00137,PT002,2026-03-29T17:35:12,2026-04-02T13:35:12,Orthopedics,Diabetes,Elective
VST-00138,PT009,2026-03-29T19:35:12,2026-03-30T11:35:12,Neurology,Migraine,Elective
VST-00139,PT006,2026-03-29T19:35:23,2026-04-01T12:35:23,General Medicine,Fracture,Emergency
VST-00140,PT008,2026-03-29T20:35:23,2026-04-01T04:35:23,Pediatrics,Hypertension,Emergency
VST-00141,PT009,2026-03-29T19:35:23,2026-04-02T14:35:23,Orthopedics,Fracture,Referral
VST-00142,PT006,2026-03-29T19:35:33,2026-03-31T12:35:33,Orthopedics,Migraine,Emergency
VST-00143,PT009,2026-03-29T22:35:33,2026-04-02T22:35:33,Pediatrics,Infection,Elective
VST-00144,PT010,2026-03-29T18:35:33,2026-04-01T19:35:33,Orthopedics,Diabetes,Referral
VST-00145,PT010,2026-03-29T22:35:43,2026-03-31T06:35:43,Pediatrics,Fracture,Elective
VST-00146,PT010,2026-03-29T19:35:43,2026-04-02T15:35:43,General Medicine,Migraine,Elective
VST-00147,PT001,2026-03-29T18:35:43,2026-03-31T11:35:43,Orthopedics,Migraine,Referral
VST-00148,PT001,2026-03-29T19:35:53,2026-03-31T22:35:53,Orthopedics,Migraine,Elective
VST-00149,PT005,2026-03-29T19:35:53,2026-04-01T03:35:53,Neurology,Diabetes,Elective
VST-00150,PT004,2026-03-29T22:35:53,2026-04-01T06:35:53,Pediatrics,Migraine,Emergency
VST-00151,PT007,2026-03-29T19:36:03,2026-03-30T19:36:03,Cardiology,Infection,Referral
VST-00152,PT010,2026-03-29T20:36:03,2026-04-01T21:36:03,Pediatrics,Fracture,Emergency
VST-00153,PT001,2026-03-29T21:36:03,2026-03-31T13:36:03,Neurology,Migraine,Referral
VST-00154,PT003,2026-03-29T21:36:14,2026-04-01T21:36:14,Cardiology,Infection,Referral
VST-00155,PT003,2026-03-29T20:36:14,2026-03-30T01:36:14,Cardiology,Migraine,Emergency
VST-00156,PT001,2026-03-29T22:36:14,2026-03-30T07:36:14,Cardiology,Hypertension,Referral
VST-00157,PT003,2026-03-29T22:42:05,2026-04-01T23:42:05,Cardiology,Infection,Elective
VST-00158,PT010,2026-03-29T22:42:05,2026-03-30T07:42:05,Pediatrics,Hypertension,Referral
VST-00159,PT007,2026-03-29T21:42:05,2026-03-31T20:42:05,Cardiology,Fracture,Emergency
VST-00160,PT004,2026-03-29T21:42:15,2026-04-02T01:42:15,Cardiology,Diabetes,Emergency
VST-00161,PT008,2026-03-29T21:42:15,2026-04-01T19:42:15,General Medicine,Migraine,Referral
VST-00162,PT008,2026-03-29T20:42:15,2026-04-02T14:42:15,Neurology,Migraine,Referral
VST-00163,PT002,2026-03-29T18:42:25,2026-04-01T04:42:25,Neurology,Infection,Referral
VST-00164,PT004,2026-03-29T19:42:25,2026-04-01T19:42:25,Pediatrics,Migraine,Referral
VST-00165,PT003,2026-03-29T20:42:25,2026-04-01T01:42:25,Neurology,Hypertension,Elective
VST-00166,PT010,2026-03-29T22:42:36,2026-03-30T06:42:36,Neurology,Diabetes,Elective
VST-00167,PT006,2026-03-29T18:42:36,2026-03-31T02:42:36,Orthopedics,Diabetes,Emergency
VST-00168,PT004,2026-03-29T21:42:36,2026-03-31T09:42:36,General Medicine,Migraine,Emergency
VST-00169,PT008,2026-03-29T19:42:46,2026-03-29T23:42:46,Pediatrics,Diabetes,Referral
VST-00170,PT010,2026-03-29T20:42:46,2026-04-02T19:42:46,Neurology,Diabetes,Elective
VST-00171,PT006,2026-03-29T18:42:46,2026-04-01T08:42:46,Neurology,Hypertension,Elective
VST-00172,PT004,2026-03-29T18:42:56,2026-03-30T10:42:56,Orthopedics,Fracture,Elective
VST-00173,PT010,2026-03-29T21:42:56,2026-04-02T11:42:56,Pediatrics,Diabetes,Elective
VST-00174,PT002,2026-03-29T22:42:56,2026-04-01T04:42:56,Neurology,Infection,Referral
VST-00175,PT003,2026-03-29T18:43:06,2026-04-01T07:43:06,Orthopedics,Infection,Referral
VST-00176,PT005,2026-03-29T17:43:06,2026-03-30T20:43:06,Cardiology,Hypertension,Referral
VST-00177,PT010,2026-03-29T21:43:06,2026-03-31T10:43:06,Pediatrics,Fracture,Elective
VST-00178,PT003,2026-03-29T21:43:16,2026-04-01T13:43:16,Neurology,Diabetes,Emergency
VST-00179,PT003,2026-03-29T17:43:16,2026-04-01T21:43:16,General Medicine,Hypertension,Emergency
VST-00180,PT005,2026-03-29T21:43:16,2026-04-02T17:43:16,Pediatrics,Diabetes,Elective
VST-00181,PT002,2026-03-29T19:48:02,2026-04-02T01:48:02,Neurology,Infection,Referral
VST-00182,PT004,2026-03-29T21:48:02,2026-04-01T08:48:02,Neurology,Fracture,Elective
VST-00183,PT003,2026-03-29T22:48:02,2026-03-31T22:48:02,Pediatrics,Fracture,Referral
VST-00184,PT005,2026-03-29T17:48:13,2026-03-31T03:48:13,General Medicine,Diabetes,Elective
VST-00185,PT004,2026-03-29T17:48:13,2026-04-01T03:48:13,General Medicine,Hypertension,Emergency
VST-00186,PT009,2026-03-29T21:48:13,2026-03-30T13:48:13,Cardiology,Hypertension,Emergency
VST-00187,PT005,2026-03-29T19:48:23,2026-04-02T06:48:23,Pediatrics,Hypertension,Referral
VST-00188,PT006,2026-03-29T19:48:23,2026-03-31T09:48:23,General Medicine,Fracture,Elective
VST-00189,PT008,2026-03-29T19:48:23,2026-03-31T00:48:23,Pediatrics,Hypertension,Elective
VST-00190,PT004,2026-03-29T18:48:33,2026-03-31T19:48:33,Pediatrics,Infection,Referral
VST-00191,PT001,2026-03-29T20:48:33,2026-03-30T08:48:33,Pediatrics,Migraine,Emergency
VST-00192,PT009,2026-03-29T18:48:33,2026-03-30T18:48:33,Cardiology,Diabetes,Elective
VST-00193,PT003,2026-03-29T17:48:43,2026-04-01T12:48:43,Orthopedics,Migraine,Referral
VST-00194,PT003,2026-03-29T17:48:43,2026-04-01T23:48:43,Cardiology,Migraine,Elective
VST-00195,PT005,2026-03-29T21:48:43,2026-04-01T19:48:43,General Medicine,Diabetes,Elective
VST-00196,PT009,2026-03-29T21:48:54,2026-03-31T18:48:54,Pediatrics,Migraine,Elective
VST-00197,PT006,2026-03-29T19:48:54,2026-03-30T06:48:54,General Medicine,Infection,Elective
VST-00198,PT006,2026-03-29T22:48:54,2026-03-30T16:48:54,Pediatrics,Migraine,Emergency
VST-00199,PT010,2026-03-29T17:49:04,2026-03-31T19:49:04,Cardiology,Migraine,Referral
VST-00200,PT001,2026-03-29T20:49:04,2026-03-31T09:49:04,Orthopedics,Migraine,Emergency
VST-00201,PT003,2026-03-29T21:49:04,2026-03-30T06:49:04,Pediatrics,Infection,Elective
VST-00202,PT006,2026-03-29T18:49:14,2026-03-31T18:49:14,Cardiology,Infection,Referral
VST-00203,PT006,2026-03-29T18:49:14,2026-04-01T20:49:14,Cardiology,Hypertension,Referral
VST-00204,PT003,2026-03-29T20:49:14,2026-03-30T05:49:14,Cardiology,Hypertension,Emergency
VST-00205,PT002,2026-03-29T19:49:24,2026-03-30T12:49:24,Orthopedics,Fracture,Referral
VST-00206,PT003,2026-03-29T21:49:24,2026-03-31T08:49:24,General Medicine,Hypertension,Emergency
VST-00207,PT007,2026-03-29T17:49:24,2026-03-31T04:49:24,Neurology,Hypertension,Referral
VST-00208,PT006,2026-03-20T05:53:03,2026-03-22T07:53:03,Orthopedics,Hypertension,Elective
VST-00209,PT005,2026-03-29T19:53:14,2026-04-01T19:53:14,General Medicine,Diabetes,Emergency
VST-00210,PT003,2026-03-21T10:53:14,2026-03-22T19:53:14,Orthopedics,Infection,Emergency
VST-00211,PT009,2026-03-20T13:53:14,2026-03-22T23:53:14,General Medicine,Fracture,Elective
VST-00212,PT008,2026-03-29T09:53:14,2026-03-31T16:53:14,General Medicine,Fracture,Emergency
VST-00213,PT007,2026-03-27T06:53:14,2026-03-29T14:53:14,Cardiology,Diabetes,Emergency
VST-00214,PT002,2026-03-25T15:53:14,2026-03-26T07:53:14,Cardiology,Hypertension,Emergency
VST-00215,PT001,2026-03-27T15:53:14,2026-03-29T11:53:14,Pediatrics,Hypertension,Emergency
VST-00216,PT002,2026-03-21T02:53:14,2026-03-23T15:53:14,Orthopedics,Hypertension,Emergency
VST-00217,PT006,2026-03-20T16:53:14,2026-03-22T05:53:14,Neurology,Migraine,Emergency
VST-00218,PT003,2026-03-28T09:53:24,2026-03-30T11:53:24,General Medicine,Hypertension,Referral
VST-00219,PT008,2026-03-27T05:53:24,2026-03-28T10:53:24,Orthopedics,Migraine,Elective
VST-00220,PT009,2026-03-29T01:53:24,2026-03-31T18:53:24,Neurology,Hypertension,Elective
VST-00221,PT005,2026-03-24T11:53:34,2026-03-25T16:53:34,General Medicine,Diabetes,Emergency
VST-00222,PT007,2026-03-27T03:53:34,2026-03-27T07:53:34,Pediatrics,Hypertension,Emergency
VST-00223,PT008,2026-03-19T09:53:34,2026-03-21T01:53:34,Cardiology,Hypertension,Referral
VST-00224,PT003,2026-03-19T04:53:45,2026-03-19T13:53:45,Pediatrics,Hypertension,Elective
VST-00225,PT006,2026-03-29T01:53:45,2026-03-30T11:53:45,Pediatrics,Fracture,Emergency
VST-00226,PT006,2026-03-25T04:53:45,2026-03-25T21:53:45,General Medicine,Migraine,Elective
VST-00227,PT002,2026-03-19T01:53:45,2026-03-20T09:53:45,General Medicine,Diabetes,Elective
VST-00228,PT007,2026-03-24T18:53:45,2026-03-27T03:53:45,Neurology,Fracture,Elective
VST-00229,PT008,2026-03-24T00:53:45,2026-03-24T04:53:45,General Medicine,Diabetes,Referral
VST-00230,PT010,2026-03-26T10:53:45,2026-03-26T18:53:45,Pediatrics,Migraine,Referral
VST-00231,PT006,2026-03-26T13:53:45,2026-03-26T17:53:45,Orthopedics,Infection,Emergency
VST-00232,PT006,2026-03-23T19:53:45,2026-03-26T02:53:45,General Medicine,Fracture,Emergency
VST-00233,PT004,2026-03-27T16:53:55,2026-03-29T04:53:55,Cardiology,Infection,Referral
VST-00234,PT010,2026-03-28T05:53:55,2026-03-30T20:53:55,Neurology,Fracture,Elective
VST-00235,PT003,2026-03-21T12:53:55,2026-03-22T06:53:55,Orthopedics,Hypertension,Elective
VST-00236,PT003,2026-03-24T16:58:41,2026-03-26T12:58:41,Pediatrics,Infection,Emergency
VST-00237,PT002,2026-03-22T01:58:41,2026-03-23T00:58:41,Cardiology,Diabetes,Elective
VST-00238,PT004,2026-03-27T18:58:41,2026-03-28T18:58:41,General Medicine,Fracture,Elective
VST-00239,PT006,2026-03-29T20:58:52,2026-03-31T08:58:52,Cardiology,Fracture,Emergency
VST-00240,PT007,2026-03-20T21:58:52,2026-03-22T10:58:52,Neurology,Diabetes,Referral
VST-00241,PT007,2026-03-19T16:58:52,2026-03-20T16:58:52,General Medicine,Hypertension,Referral
VST-00242,PT002,2026-03-21T02:58:52,2026-03-21T06:58:52,General Medicine,Migraine,Emergency
VST-00243,PT004,2026-03-21T03:58:52,2026-03-22T20:58:52,Cardiology,Diabetes,Emergency
VST-00244,PT006,2026-03-19T12:58:52,2026-03-20T11:58:52,Neurology,Infection,Emergency
VST-00245,PT010,2026-03-19T12:58:52,2026-03-21T10:58:52,Cardiology,Diabetes,Emergency
VST-00246,PT004,2026-03-29T19:58:52,2026-03-30T17:58:52,Cardiology,Hypertension,Emergency
VST-00247,PT001,2026-03-29T17:58:52,2026-03-30T15:58:52,General Medicine,Diabetes,Elective
VST-00248,PT001,2026-03-25T04:00:01,2026-03-26T18:00:01,Pediatrics,Hypertension,Elective
VST-00249,PT002,2026-03-23T06:00:01,2026-03-24T09:00:01,General Medicine,Diabetes,Elective
VST-00250,PT003,2026-03-20T20:00:01,2026-03-22T02:00:01,Cardiology,Hypertension,Elective
VST-00251,PT004,2026-03-27T19:00:01,2026-03-28T05:00:01,Cardiology,Fracture,Elective
VST-00252,PT002,2026-03-20T14:00:01,2026-03-21T22:00:01,Pediatrics,Fracture,Emergency
VST-00253,PT002,2026-03-24T12:00:01,2026-03-25T23:00:01,Pediatrics,Migraine,Emergency
VST-00254,PT007,2026-03-24T19:00:01,2026-03-26T07:00:01,Cardiology,Infection,Elective
VST-00255,PT005,2026-03-20T08:00:01,2026-03-21T15:00:01,Cardiology,Migraine,Referral
VST-00256,PT002,2026-03-24T03:00:01,2026-03-24T07:00:01,Pediatrics,Fracture,Elective
VST-00257,PT006,2026-03-19T03:00:11,2026-03-20T01:00:11,Neurology,Fracture,Referral
VST-00258,PT008,2026-03-26T15:00:11,2026-03-26T19:00:11,Pediatrics,Diabetes,Elective
VST-00259,PT008,2026-03-25T23:00:11,2026-03-27T16:00:11,General Medicine,Hypertension,Referral
VST-00260,PT003,2026-03-22T03:00:11,2026-03-23T14:00:11,Orthopedics,Hypertension,Emergency
VST-00261,PT002,2026-03-28T19:00:11,2026-03-31T01:00:11,Orthopedics,Hypertension,Elective
VST-00262,PT006,2026-03-20T15:00:11,2026-03-21T10:00:11,Neurology,Diabetes,Elective
VST-00263,PT002,2026-03-25T08:00:11,2026-03-27T22:00:11,Pediatrics,Migraine,Referral
VST-00264,PT005,2026-03-22T14:00:11,2026-03-25T07:00:11,General Medicine,Diabetes,Elective
VST-00265,PT007,2026-03-23T23:00:11,2026-03-26T13:00:11,General Medicine,Infection,Emergency
VST-00266,PT004,2026-03-19T03:00:21,2026-03-20T22:00:21,Cardiology,Infection,Elective
VST-00267,PT009,2026-03-23T19:00:21,2026-03-25T04:00:21,Pediatrics,Migraine,Emergency
VST-00268,PT004,2026-03-23T17:00:21,2026-03-25T20:00:21,Orthopedics,Hypertension,Elective
VST-00269,PT004,2026-03-23T16:00:21,2026-03-27T02:00:21,General Medicine,Infection,Elective
VST-00270,PT003,2026-03-23T22:00:21,2026-03-25T10:00:21,Pediatrics,Fracture,Elective
VST-00271,PT010,2026-03-27T16:00:21,2026-03-28T01:00:21,General Medicine,Migraine,Emergency
VST-00272,PT009,2026-03-28T05:00:21,2026-03-28T09:00:21,Cardiology,Infection,Referral
VST-00273,PT005,2026-03-19T16:00:21,2026-03-21T07:00:21,General Medicine,Diabetes,Referral
VST-00274,PT003,2026-03-20T02:00:21,2026-03-21T20:00:21,Pediatrics,Diabetes,Emergency
VST-00275,PT002,2026-03-27T15:00:32,2026-03-29T07:00:32,Cardiology,Migraine,Referral
VST-00276,PT009,2026-03-23T19:00:32,2026-03-25T20:00:32,Pediatrics,Infection,Emergency
VST-00277,PT006,2026-03-27T21:00:32,2026-03-28T13:00:32,Cardiology,Fracture,Emergency
VST-00278,PT002,2026-03-19T15:00:32,2026-03-21T07:00:32,Cardiology,Diabetes,Elective
VST-00279,PT005,2026-03-25T19:00:32,2026-03-29T02:00:32,Cardiology,Infection,Referral
VST-00280,PT007,2026-03-22T00:00:32,2026-03-25T08:00:32,Pediatrics,Fracture,Elective
VST-00281,PT004,2026-03-28T06:00:42,2026-03-30T03:00:42,Cardiology,Infection,Elective
VST-00282,PT009,2026-03-25T05:00:42,2026-03-26T18:00:42,General Medicine,Hypertension,Emergency
VST-00283,PT008,2026-03-25T13:00:42,2026-03-27T03:00:42,Pediatrics,Hypertension,Emergency
VST-00284,PT002,2026-03-19T20:00:52,2026-03-21T16:00:52,Neurology,Hypertension,Emergency
VST-00285,PT004,2026-03-19T03:01:02,2026-03-21T21:01:02,Neurology,Migraine,Elective
VST-00286,PT003,2026-03-20T02:01:02,2026-03-21T17:01:02,Pediatrics,Diabetes,Emergency
VST-00287,PT009,2026-03-25T03:01:02,2026-03-26T15:01:02,Pediatrics,Migraine,Elective
VST-00288,PT001,2026-03-26T12:01:02,2026-03-27T13:01:02,General Medicine,Hypertension,Emergency
VST-00289,PT003,2026-03-20T18:01:02,2026-03-24T02:01:02,General Medicine,Diabetes,Elective
VST-00290,PT005,2026-03-23T22:01:02,2026-03-25T07:01:02,General Medicine,Infection,Referral
VST-00291,PT007,2026-03-29T10:01:02,2026-04-01T03:01:02,Neurology,Diabetes,Elective
VST-00292,PT004,2026-03-24T10:01:02,2026-03-26T06:01:02,Cardiology,Diabetes,Elective
VST-00293,PT008,2026-03-29T13:01:02,2026-03-29T17:01:02,General Medicine,Infection,Emergency
